{"cameraMode":{"drawMode":0,"name":"Shaded","section":"Shading Mode"},"sceneLighting":true,"audioPlay":false,"sceneViewState":{"m_AlwaysRefresh":false,"showFog":true,"showSkybox":true,"showFlares":true,"showImageEffects":true,"showParticleSystems":true,"showVisualEffectGraphs":true,"m_FxEnabled":true},"in2DMode":false,"pivot":{"x":-0.0700751319527626,"y":-15.735024452209473,"z":9.758299827575684},"rotation":{"x":0.47123515605926516,"y":-0.01986595243215561,"z":0.010623198002576828,"w":0.8817664980888367},"size":15.302047729492188,"orthographic":false}